{"int.rate": {"lower_bound": 0.048049999999999995, "upper_bound": 0.19405}, "installment": {"lower_bound": -238.39500000000004, "upper_bound": 832.0450000000001}, "log.annual.inc": {"lower_bound": 9.4872652225, "upper_bound": 12.3712919225}, "fico": {"lower_bound": 599.5, "upper_bound": 819.5}, "days.with.cr.line_sqrt": {"lower_bound": 19.49505474948422, "upper_bound": 109.11908076541822}, "revol.bal_sqrt": {"lower_bound": -62.41242778706408, "upper_bound": 253.0263053564264}, "inq.last.6mths_sqrt": {"lower_bound": -2.121320343559643, "upper_bound": 3.5355339059327378}}